auc,classifier
0.894779870311,gnb
0.919259669374,svm
0.919626298056,logr
