auc,classifier
0.894935614936,gnb
0.920585378918,svm
0.921711163436,logr
