auc,classifier
0.892258586928,gnb
0.918511205437,svm
0.919122984094,logr
