auc,classifier
0.927675290128,gnb
0.97017165853,svm
0.972153011699,logr
