auc,classifier
0.925872149911,gnb
0.973089515181,svm
0.973525014853,logr
