auc,classifier
0.928904365011,gnb
0.971137862325,svm
0.973566539213,logr
