auc,classifier
0.92899928385,gnb
0.972799728998,svm
0.973435497648,logr
