auc,classifier
0.766699775757,gnb
0.582449878974,svm
0.581396581743,logr
