auc,classifier
0.584287747678,gnb
0.494849727224,svm
0.594208544853,logr
