auc,classifier
0.915254870439,gnb
0.914333598654,svm
0.923397860884,logr
