auc,classifier
0.914609663992,gnb
0.919058427863,svm
0.924088162373,logr
