auc,classifier
0.912967886814,gnb
0.913353915584,svm
0.921449649551,logr
