auc,classifier
0.910932035298,gnb
0.916757282753,svm
0.922326309272,logr
